,BTC-LR - 1 day,BTC-LR - 5 days,BTC-LR - 10 days,BTC-SVR - 1 day,BTC-SVR - 5 days,BTC-SVR - 10 days,BTC-LSTM - 1 day,BTC-LSTM - 5 days,BTC-LSTM - 10 days,Naive forceast - 1 day,Naive forceast - 5 days,Naive forceast - 10 days,BTC-LR - 5 day,BTC-LR - 10 day
Full dimensionality,4071.865873588986,0,0,0,0,0,0,0,0,905.5000277751165,2068.2613457829293,2985.219080049518,4520.310657121627,4890.959191562837
95% retained variance,0.0,0,0,0,0,0,0,0,0,905.5000277751165,2068.2613457829293,2985.219080049518,,
98% retained variance,0.0,0,0,0,0,0,0,0,0,905.5000277751165,2068.2613457829293,2985.219080049518,,
99% retained variance,0.0,0,0,0,0,0,0,0,0,905.5000277751165,2068.2613457829293,2985.219080049518,,
